timestamp,Fx,Fy,Fz,Mx,My,Mz
1775598557.025701,-0.009740,-0.002580,-0.001160,-0.000026,-0.000061,0.000150
1775598557.076991,-0.009740,-0.002580,-0.001160,-0.000026,-0.000061,0.000150
1775598557.128020,-0.009740,-0.005580,-0.005160,-0.000016,0.000019,0.000200
1775598557.178747,-0.009740,-0.005580,-0.005160,-0.000016,0.000019,0.000200
1775598557.230352,-0.009740,-0.005580,-0.005160,-0.000016,0.000019,0.000200
1775598557.281402,-0.011740,-0.013580,0.006840,-0.000026,-0.000041,0.000360
1775598557.332504,-0.011740,-0.013580,0.006840,-0.000026,-0.000041,0.000360
1775598557.383776,-0.011740,-0.013580,0.006840,-0.000026,-0.000041,0.000360
1775598557.435419,-0.013740,-0.012580,0.042840,-0.000096,0.000079,0.000200
1775598557.487169,-0.015740,-0.012580,0.017840,-0.000096,0.000089,0.000290
1775598557.538994,-0.015740,-0.012580,0.017840,-0.000096,0.000089,0.000290
1775598557.590085,-0.003740,-0.022580,-0.000160,-0.000036,0.000039,0.000600
1775598557.640793,-0.003740,-0.022580,-0.000160,-0.000036,0.000039,0.000600
1775598557.691204,-0.003740,-0.022580,-0.000160,-0.000036,0.000039,0.000600
1775598557.741837,0.008260,-0.010580,0.006840,-0.000086,0.000059,0.000160
1775598557.792836,0.000260,-0.016580,0.014840,0.000014,-0.000011,0.000460
1775598557.843251,0.000260,-0.016580,0.014840,0.000014,-0.000011,0.000460
1775598557.894533,0.000260,-0.016580,0.014840,0.000014,-0.000011,0.000460
1775598557.944930,0.001260,0.006420,-0.014160,0.000004,0.000109,-0.000220
1775598557.995348,0.001260,0.006420,-0.014160,0.000004,0.000109,-0.000220
1775598558.046329,0.001260,0.006420,-0.014160,0.000004,0.000109,-0.000220
1775598558.097162,-0.014740,0.074420,-0.170160,0.000294,0.000469,0.000670
1775598558.147748,-0.014740,0.074420,-0.170160,0.000294,0.000469,0.000670
1775598558.198654,-0.014740,0.074420,-0.170160,0.000294,0.000469,0.000670
1775598558.249827,-0.130740,0.043420,-0.949160,0.000054,0.001549,0.000750
1775598558.300525,-0.130740,0.043420,-0.949160,0.000054,0.001549,0.000750
1775598558.351498,-0.130740,0.043420,-0.949160,0.000054,0.001549,0.000750
1775598558.402000,-0.111740,0.071420,-1.440160,0.000524,0.001219,0.001290
1775598558.452748,-0.111740,0.071420,-1.440160,0.000524,0.001219,0.001290
1775598558.504105,-0.111740,0.071420,-1.440160,0.000524,0.001219,0.001290
1775598558.555775,-0.090740,0.147420,-2.468160,0.001234,0.001019,0.001470
1775598558.606458,-0.090740,0.147420,-2.468160,0.001234,0.001019,0.001470
1775598558.656979,-0.090740,0.147420,-2.468160,0.001234,0.001019,0.001470
1775598558.707643,0.142260,0.110420,-3.717160,0.001724,-0.000131,0.002020
1775598558.758453,0.142260,0.110420,-3.717160,0.001724,-0.000131,0.002020
1775598558.809590,0.142260,0.110420,-3.717160,0.001724,-0.000131,0.002020
1775598558.860472,0.202260,0.176420,-6.063160,0.003284,-0.001101,0.002700
1775598558.911606,0.202260,0.176420,-6.063160,0.003284,-0.001101,0.002700
1775598558.962140,0.202260,0.176420,-6.063160,0.003284,-0.001101,0.002700
1775598559.012886,0.338260,0.464420,-8.069160,0.005484,-0.002601,0.003510
1775598559.063410,0.335260,0.295420,-8.371160,0.005034,-0.002791,0.003320
1775598559.114432,0.335260,0.295420,-8.371160,0.005034,-0.002791,0.003320
1775598559.165137,0.399260,0.273420,-8.494160,0.004944,-0.003171,0.003500
1775598559.215796,0.347260,0.243420,-10.152160,0.005974,-0.003671,0.003430
1775598559.266511,0.347260,0.243420,-10.152160,0.005974,-0.003671,0.003430
1775598559.317403,0.347260,0.243420,-10.152160,0.005974,-0.003671,0.003430
1775598559.368783,0.663260,0.197420,-11.749160,0.006584,-0.005821,0.004560
1775598559.419148,0.663260,0.197420,-11.749160,0.006584,-0.005821,0.004560
1775598559.469939,0.663260,0.197420,-11.749160,0.006584,-0.005821,0.004560
1775598559.521405,0.344260,0.497420,-13.990160,0.009284,-0.005221,0.003770
1775598559.571799,0.344260,0.497420,-13.990160,0.009284,-0.005221,0.003770
1775598559.622294,0.344260,0.497420,-13.990160,0.009284,-0.005221,0.003770
1775598559.672935,0.738260,0.216420,-15.113160,0.007774,-0.006911,0.005360
1775598559.725271,0.738260,0.216420,-15.113160,0.007774,-0.006911,0.005360
1775598559.776190,0.738260,0.216420,-15.113160,0.007774,-0.006911,0.005360
1775598559.826835,0.900260,0.441420,-17.110160,0.010074,-0.008211,0.005390
1775598559.877438,0.900260,0.441420,-17.110160,0.010074,-0.008211,0.005390
1775598559.927868,0.900260,0.441420,-17.110160,0.010074,-0.008211,0.005390
1775598559.978897,0.901260,0.704420,-18.615160,0.012054,-0.008491,0.005560
1775598560.029641,0.901260,0.704420,-18.615160,0.012054,-0.008491,0.005560
1775598560.080813,0.901260,0.704420,-18.615160,0.012054,-0.008491,0.005560
1775598560.131376,1.163260,0.463420,-20.193160,0.011804,-0.010641,0.006580
1775598560.182146,1.163260,0.463420,-20.193160,0.011804,-0.010641,0.006580
1775598560.233417,1.163260,0.463420,-20.193160,0.011804,-0.010641,0.006580
1775598560.284186,1.483260,0.489420,-22.308160,0.013404,-0.013841,0.007130
1775598560.334625,1.520260,0.451420,-22.264160,0.013194,-0.014201,0.007140
1775598560.385502,1.520260,0.451420,-22.264160,0.013194,-0.014201,0.007140
1775598560.436202,1.443260,0.341420,-22.219160,0.012534,-0.013991,0.007000
1775598560.486679,1.184260,0.564420,-23.304160,0.013594,-0.012671,0.006700
1775598560.537663,1.184260,0.564420,-23.304160,0.013594,-0.012671,0.006700
1775598560.588824,1.184260,0.564420,-23.304160,0.013594,-0.012671,0.006700
1775598560.640138,1.326260,0.297420,-24.882160,0.012124,-0.012971,0.007530
1775598560.691226,1.326260,0.297420,-24.882160,0.012124,-0.012971,0.007530
1775598560.741634,1.326260,0.297420,-24.882160,0.012124,-0.012971,0.007530
1775598560.792233,1.599260,0.676420,-25.326160,0.014374,-0.013651,0.007670
1775598560.843623,1.599260,0.676420,-25.326160,0.014374,-0.013651,0.007670
1775598560.894220,1.599260,0.676420,-25.326160,0.014374,-0.013651,0.007670
1775598560.944995,1.852260,1.127420,-26.544160,0.018444,-0.015751,0.008640
1775598560.996220,1.852260,1.127420,-26.544160,0.018444,-0.015751,0.008640
1775598561.047370,1.852260,1.127420,-26.544160,0.018444,-0.015751,0.008640
1775598561.098381,2.019260,0.929420,-26.352160,0.017654,-0.018481,0.008540
1775598561.148924,2.019260,0.929420,-26.352160,0.017654,-0.018481,0.008540
1775598561.200206,2.019260,0.929420,-26.352160,0.017654,-0.018481,0.008540
1775598561.250751,2.252260,0.752420,-27.673160,0.017784,-0.019241,0.010200
1775598561.301368,2.252260,0.752420,-27.673160,0.017784,-0.019241,0.010200
1775598561.352192,2.252260,0.752420,-27.673160,0.017784,-0.019241,0.010200
1775598561.402740,2.286260,0.867420,-27.326160,0.018524,-0.019571,0.009420
1775598561.454245,2.286260,0.867420,-27.326160,0.018524,-0.019571,0.009420
1775598561.505631,2.286260,0.867420,-27.326160,0.018524,-0.019571,0.009420
1775598561.556282,2.031260,0.722420,-27.610160,0.017744,-0.018811,0.009330
1775598561.606721,2.067260,0.542420,-26.587160,0.016824,-0.018401,0.009400
1775598561.657277,2.067260,0.542420,-26.587160,0.016824,-0.018401,0.009400
1775598561.708479,2.067260,0.542420,-26.587160,0.016824,-0.018401,0.009400
1775598561.758871,2.167260,0.859420,-27.131160,0.017934,-0.018881,0.009230
1775598561.810037,2.167260,0.859420,-27.131160,0.017934,-0.018881,0.009230
1775598561.860879,2.167260,0.859420,-27.131160,0.017934,-0.018881,0.009230
1775598561.912114,2.148260,0.696420,-27.068160,0.018184,-0.019091,0.009420
1775598561.963450,2.148260,0.696420,-27.068160,0.018184,-0.019091,0.009420
1775598562.014676,2.148260,0.696420,-27.068160,0.018184,-0.019091,0.009420
1775598562.065051,1.516260,0.478420,-26.109160,0.017834,-0.015471,0.009110
1775598562.116050,1.516260,0.478420,-26.109160,0.017834,-0.015471,0.009110
1775598562.166986,1.516260,0.478420,-26.109160,0.017834,-0.015471,0.009110
1775598562.217607,1.905260,0.561420,-26.509160,0.017504,-0.017201,0.009040
1775598562.268250,1.905260,0.561420,-26.509160,0.017504,-0.017201,0.009040
1775598562.319425,1.905260,0.561420,-26.509160,0.017504,-0.017201,0.009040
1775598562.371433,1.884260,1.097420,-27.040160,0.019974,-0.018001,0.008250
1775598562.422996,1.884260,1.097420,-27.040160,0.019974,-0.018001,0.008250
1775598562.473859,1.884260,1.097420,-27.040160,0.019974,-0.018001,0.008250
1775598562.524599,1.993260,0.797420,-25.492160,0.018024,-0.017131,0.008240
1775598562.575458,1.993260,0.797420,-25.492160,0.018024,-0.017131,0.008240
1775598562.625985,1.993260,0.797420,-25.492160,0.018024,-0.017131,0.008240
1775598562.676775,2.249260,1.007420,-26.270160,0.019524,-0.018801,0.008360
1775598562.727466,1.466260,1.292420,-28.207160,0.021124,-0.015091,0.007860
1775598562.778732,1.466260,1.292420,-28.207160,0.021124,-0.015091,0.007860
1775598562.829609,1.660260,1.198420,-28.462160,0.020564,-0.016581,0.008380
1775598562.880665,1.401260,0.314420,-30.023160,0.016694,-0.016661,0.009070
1775598562.931680,1.401260,0.314420,-30.023160,0.016694,-0.016661,0.009070
1775598562.982892,1.401260,0.314420,-30.023160,0.016694,-0.016661,0.009070
1775598563.033956,1.049260,0.623420,-30.849160,0.018784,-0.014571,0.009030
1775598563.085284,1.049260,0.623420,-30.849160,0.018784,-0.014571,0.009030
1775598563.136098,1.049260,0.623420,-30.849160,0.018784,-0.014571,0.009030
1775598563.186676,1.338260,1.366420,-30.937160,0.022534,-0.015771,0.009210
1775598563.237900,1.338260,1.366420,-30.937160,0.022534,-0.015771,0.009210
1775598563.288552,1.338260,1.366420,-30.937160,0.022534,-0.015771,0.009210
1775598563.339177,1.763260,0.834420,-32.024160,0.020064,-0.018911,0.010710
1775598563.389688,1.763260,0.834420,-32.024160,0.020064,-0.018911,0.010710
1775598563.440434,1.763260,0.834420,-32.024160,0.020064,-0.018911,0.010710
1775598563.491010,1.308260,1.152420,-32.652160,0.023384,-0.017381,0.009860
1775598563.541799,1.308260,1.152420,-32.652160,0.023384,-0.017381,0.009860
1775598563.593129,1.308260,1.152420,-32.652160,0.023384,-0.017381,0.009860
1775598563.644174,1.400260,0.838420,-31.776160,0.021334,-0.018291,0.009410
1775598563.695164,1.400260,0.838420,-31.776160,0.021334,-0.018291,0.009410
1775598563.746511,1.400260,0.838420,-31.776160,0.021334,-0.018291,0.009410
1775598563.797932,1.405260,1.247420,-32.476160,0.024434,-0.018261,0.009790
1775598563.848825,1.405260,1.247420,-32.476160,0.024434,-0.018261,0.009790
1775598563.900161,1.405260,1.247420,-32.476160,0.024434,-0.018261,0.009790
1775598563.951291,1.515260,1.461420,-32.501160,0.025154,-0.017881,0.009930
1775598564.002422,1.529260,1.286420,-31.002160,0.023694,-0.017621,0.009330
1775598564.052838,1.529260,1.286420,-31.002160,0.023694,-0.017621,0.009330
1775598564.104007,1.529260,1.286420,-31.002160,0.023694,-0.017621,0.009330
1775598564.155282,1.867260,1.445420,-30.268160,0.023594,-0.019701,0.009390
1775598564.205798,1.867260,1.445420,-30.268160,0.023594,-0.019701,0.009390
1775598564.256592,1.867260,1.445420,-30.268160,0.023594,-0.019701,0.009390
1775598564.307509,1.740260,1.566420,-30.746160,0.024634,-0.018931,0.009350
1775598564.358029,1.740260,1.566420,-30.746160,0.024634,-0.018931,0.009350
1775598564.409027,1.740260,1.566420,-30.746160,0.024634,-0.018931,0.009350
1775598564.460069,1.540260,1.099420,-33.468160,0.024014,-0.021101,0.010060
1775598564.510927,1.540260,1.099420,-33.468160,0.024014,-0.021101,0.010060
1775598564.561698,1.540260,1.099420,-33.468160,0.024014,-0.021101,0.010060
1775598564.612530,1.773260,1.012420,-32.868160,0.023454,-0.022821,0.010250
1775598564.664814,1.773260,1.012420,-32.868160,0.023454,-0.022821,0.010250
1775598564.715336,1.773260,1.012420,-32.868160,0.023454,-0.022821,0.010250
1775598564.765840,1.722260,1.184420,-34.095160,0.025944,-0.024581,0.010920
1775598564.817083,1.722260,1.184420,-34.095160,0.025944,-0.024581,0.010920
1775598564.867684,1.722260,1.184420,-34.095160,0.025944,-0.024581,0.010920
1775598564.919015,2.070260,1.194420,-33.339160,0.025284,-0.025251,0.011440
1775598564.969534,2.070260,1.194420,-33.339160,0.025284,-0.025251,0.011440
1775598565.021293,2.070260,1.194420,-33.339160,0.025284,-0.025251,0.011440
1775598565.071947,2.020260,1.218420,-33.434160,0.025384,-0.024901,0.010750
1775598565.123085,1.584260,1.750420,-32.584160,0.028914,-0.022251,0.009960
1775598565.173749,1.584260,1.750420,-32.584160,0.028914,-0.022251,0.009960
1775598565.224592,1.584260,1.750420,-32.584160,0.028914,-0.022251,0.009960
1775598565.276267,1.612260,1.358420,-30.507160,0.026174,-0.021581,0.009550
1775598565.327362,1.612260,1.358420,-30.507160,0.026174,-0.021581,0.009550
1775598565.377909,1.612260,1.358420,-30.507160,0.026174,-0.021581,0.009550
1775598565.429209,0.181260,0.801420,-11.820160,0.012414,-0.005981,0.001230
1775598565.479758,0.181260,0.801420,-11.820160,0.012414,-0.005981,0.001230
1775598565.531037,0.181260,0.801420,-11.820160,0.012414,-0.005981,0.001230
1775598565.581895,0.089260,0.023420,-0.979160,-0.000696,0.000379,-0.000030
1775598565.633021,0.089260,0.023420,-0.979160,-0.000696,0.000379,-0.000030
1775598565.684004,0.089260,0.023420,-0.979160,-0.000696,0.000379,-0.000030
1775598565.734532,-0.006740,0.046420,-0.607160,-0.000436,0.000109,0.000040
1775598565.785465,-0.006740,0.046420,-0.607160,-0.000436,0.000109,0.000040
1775598565.836250,-0.006740,0.046420,-0.607160,-0.000436,0.000109,0.000040
1775598565.887379,0.009260,0.026420,-0.603160,-0.000566,0.000119,0.000190
1775598565.937900,0.009260,0.026420,-0.603160,-0.000566,0.000119,0.000190
1775598565.988752,0.009260,0.026420,-0.603160,-0.000566,0.000119,0.000190
1775598566.040105,0.037260,0.055420,-0.609160,-0.000526,0.000199,0.000080
1775598566.090720,0.037260,0.055420,-0.609160,-0.000526,0.000199,0.000080
1775598566.141202,0.037260,0.055420,-0.609160,-0.000526,0.000199,0.000080
1775598566.192360,0.032260,0.043420,-0.607160,-0.000446,0.000069,0.000170
1775598566.242702,0.032260,0.043420,-0.607160,-0.000446,0.000069,0.000170
1775598566.293835,0.032260,0.043420,-0.607160,-0.000446,0.000069,0.000170
1775598566.344861,0.024260,0.039420,-0.620160,-0.000336,0.000129,0.000300
1775598566.395535,0.028260,0.040420,-0.627160,-0.000406,0.000139,0.000090
1775598566.446827,0.028260,0.040420,-0.627160,-0.000406,0.000139,0.000090
1775598566.497636,0.025260,0.052420,-0.622160,-0.000426,-0.000001,0.000100
1775598566.548704,0.028260,0.037420,-0.639160,-0.000366,0.000069,0.000030
1775598566.599983,0.028260,0.037420,-0.639160,-0.000366,0.000069,0.000030
1775598566.651003,0.028260,0.037420,-0.639160,-0.000366,0.000069,0.000030
1775598566.701934,0.023260,0.048420,-0.640160,-0.000346,0.000089,0.000390
1775598566.752166,0.023260,0.048420,-0.640160,-0.000346,0.000089,0.000390
1775598566.803246,0.023260,0.048420,-0.640160,-0.000346,0.000089,0.000390
1775598566.854641,0.029260,0.048420,-0.632160,-0.000376,0.000009,0.000270
1775598566.905470,0.029260,0.048420,-0.632160,-0.000376,0.000009,0.000270
1775598566.956228,0.029260,0.048420,-0.632160,-0.000376,0.000009,0.000270
1775598567.007392,0.024260,0.044420,-0.660160,-0.000296,-0.000051,-0.000020
1775598567.058446,0.024260,0.044420,-0.660160,-0.000296,-0.000051,-0.000020
1775598567.109446,0.024260,0.044420,-0.660160,-0.000296,-0.000051,-0.000020
1775598567.160346,0.021260,0.047420,-0.639160,-0.000336,-0.000121,0.000070
1775598567.211199,0.021260,0.047420,-0.639160,-0.000336,-0.000121,0.000070
1775598567.261570,0.021260,0.047420,-0.639160,-0.000336,-0.000121,0.000070
1775598567.312229,0.028260,0.036420,-0.613160,-0.000306,0.000089,0.000090
1775598567.363227,0.028260,0.036420,-0.613160,-0.000306,0.000089,0.000090
1775598567.413627,0.028260,0.036420,-0.613160,-0.000306,0.000089,0.000090
1775598567.464574,0.020260,0.055420,-0.653160,-0.000406,-0.000021,-0.000160
1775598567.515095,0.020260,0.055420,-0.653160,-0.000406,-0.000021,-0.000160
1775598567.565979,0.020260,0.055420,-0.653160,-0.000406,-0.000021,-0.000160
1775598567.617230,0.016260,0.037420,-0.630160,-0.000246,-0.000111,-0.000030
1775598567.668155,0.016260,0.037420,-0.630160,-0.000246,-0.000111,-0.000030
1775598567.719167,0.016260,0.037420,-0.630160,-0.000246,-0.000111,-0.000030
1775598567.770219,0.013260,0.040420,-0.627160,-0.000306,-0.000051,-0.000040
1775598567.821732,0.017260,0.040420,-0.618160,-0.000346,-0.000111,0.000050
1775598567.872379,0.017260,0.040420,-0.618160,-0.000346,-0.000111,0.000050
1775598567.923427,0.017260,0.040420,-0.618160,-0.000346,-0.000111,0.000050
1775598567.973823,0.019260,0.055420,-0.603160,-0.000256,0.000019,0.000170
1775598568.024565,0.019260,0.055420,-0.603160,-0.000256,0.000019,0.000170
1775598568.075080,0.019260,0.055420,-0.603160,-0.000256,0.000019,0.000170
1775598568.126086,0.021260,0.033420,-0.602160,-0.000216,-0.000041,0.000080
1775598568.176756,0.021260,0.033420,-0.602160,-0.000216,-0.000041,0.000080
1775598568.227813,0.021260,0.033420,-0.602160,-0.000216,-0.000041,0.000080
1775598568.278632,0.003260,0.028420,-0.598160,-0.000266,-0.000151,-0.000150
1775598568.328971,0.003260,0.028420,-0.598160,-0.000266,-0.000151,-0.000150
1775598568.379906,0.003260,0.028420,-0.598160,-0.000266,-0.000151,-0.000150
1775598568.430782,0.006260,0.026420,-0.613160,-0.000266,-0.000141,0.000120
1775598568.481408,0.006260,0.026420,-0.613160,-0.000266,-0.000141,0.000120
1775598568.532709,0.006260,0.026420,-0.613160,-0.000266,-0.000141,0.000120
1775598568.584077,0.012260,0.036420,-0.580160,-0.000296,-0.000141,0.000230
1775598568.634441,0.012260,0.036420,-0.580160,-0.000296,-0.000141,0.000230
1775598568.685625,0.012260,0.036420,-0.580160,-0.000296,-0.000141,0.000230
1775598568.736850,-0.004740,0.031420,-0.583160,-0.000206,-0.000241,0.000200
1775598568.787736,-0.004740,0.031420,-0.583160,-0.000206,-0.000241,0.000200
1775598568.838774,-0.004740,0.031420,-0.583160,-0.000206,-0.000241,0.000200
1775598568.889331,-0.004740,0.051420,-0.597160,-0.000226,-0.000231,0.000160
1775598568.940375,-0.004740,0.051420,-0.597160,-0.000226,-0.000231,0.000160
1775598568.991575,-0.004740,0.051420,-0.597160,-0.000226,-0.000231,0.000160
1775598569.042218,0.001260,0.029420,-0.579160,-0.000236,-0.000271,0.000240
1775598569.093166,0.013260,0.039420,-0.577160,-0.000216,-0.000181,0.000190
1775598569.144114,0.013260,0.039420,-0.577160,-0.000216,-0.000181,0.000190
1775598569.194897,0.013260,0.039420,-0.577160,-0.000216,-0.000181,0.000190
1775598569.246241,0.002260,0.032420,-0.556160,-0.000126,-0.000211,0.000250
1775598569.296797,0.002260,0.032420,-0.556160,-0.000126,-0.000211,0.000250
1775598569.347867,0.002260,0.032420,-0.556160,-0.000126,-0.000211,0.000250
1775598569.398988,-0.004740,0.041420,-0.564160,-0.000166,-0.000291,0.000280
1775598569.449927,-0.004740,0.041420,-0.564160,-0.000166,-0.000291,0.000280
1775598569.500485,-0.004740,0.041420,-0.564160,-0.000166,-0.000291,0.000280
1775598569.551497,-0.010740,0.022420,-0.531160,-0.000106,-0.000231,-0.000040
1775598569.604187,-0.010740,0.022420,-0.531160,-0.000106,-0.000231,-0.000040
1775598569.654784,-0.010740,0.022420,-0.531160,-0.000106,-0.000231,-0.000040
1775598569.705684,-0.019740,0.035420,-0.560160,-0.000206,-0.000271,0.000050
1775598569.756729,-0.019740,0.035420,-0.560160,-0.000206,-0.000271,0.000050
1775598569.807415,-0.019740,0.035420,-0.560160,-0.000206,-0.000271,0.000050
1775598569.858732,-0.006740,0.013420,-0.567160,-0.000076,-0.000221,-0.000170
1775598569.909812,-0.006740,0.013420,-0.567160,-0.000076,-0.000221,-0.000170
1775598569.961004,-0.006740,0.013420,-0.567160,-0.000076,-0.000221,-0.000170
1775598570.011625,-0.013740,0.026420,-0.545160,-0.000096,-0.000241,0.000010
1775598570.061960,-0.013740,0.026420,-0.545160,-0.000096,-0.000241,0.000010
1775598570.113197,-0.013740,0.026420,-0.545160,-0.000096,-0.000241,0.000010
1775598570.164004,-0.009740,0.022420,-0.517160,-0.000136,-0.000271,0.000120
1775598570.215004,-0.009740,0.022420,-0.517160,-0.000136,-0.000271,0.000120
1775598570.265674,-0.009740,0.022420,-0.517160,-0.000136,-0.000271,0.000120
1775598570.316981,0.000260,0.015420,-0.546160,-0.000096,-0.000191,-0.000210
1775598570.367718,-0.018740,0.024420,-0.537160,-0.000166,-0.000221,-0.000010
1775598570.419579,-0.018740,0.024420,-0.537160,-0.000166,-0.000221,-0.000010
1775598570.470319,-0.017740,0.017420,-0.522160,-0.000126,-0.000281,-0.000020
1775598570.521643,-0.006740,0.028420,-0.515160,-0.000056,-0.000281,0.000040
1775598570.572331,-0.006740,0.028420,-0.515160,-0.000056,-0.000281,0.000040
1775598570.623446,-0.006740,0.028420,-0.515160,-0.000056,-0.000281,0.000040
1775598570.673867,-0.001740,0.023420,-0.511160,-0.000146,-0.000141,0.000170
1775598570.725098,-0.001740,0.023420,-0.511160,-0.000146,-0.000141,0.000170
1775598570.775619,-0.001740,0.023420,-0.511160,-0.000146,-0.000141,0.000170
1775598570.826728,-0.016740,0.024420,-0.533160,-0.000046,-0.000291,0.000440
1775598570.877350,-0.016740,0.024420,-0.533160,-0.000046,-0.000291,0.000440
1775598570.927732,-0.016740,0.024420,-0.533160,-0.000046,-0.000291,0.000440
1775598570.978536,-0.012740,0.020420,-0.522160,-0.000116,-0.000291,0.000120
1775598571.029058,-0.012740,0.020420,-0.522160,-0.000116,-0.000291,0.000120
1775598571.079482,-0.012740,0.020420,-0.522160,-0.000116,-0.000291,0.000120
1775598571.130450,-0.014740,0.027420,-0.495160,-0.000166,-0.000321,0.000220
1775598571.181484,-0.014740,0.027420,-0.495160,-0.000166,-0.000321,0.000220
1775598571.232549,-0.014740,0.027420,-0.495160,-0.000166,-0.000321,0.000220
1775598571.283607,-0.013740,0.012420,-0.471160,-0.000066,-0.000311,-0.000040
1775598571.334116,-0.013740,0.012420,-0.471160,-0.000066,-0.000311,-0.000040
1775598571.385020,-0.013740,0.012420,-0.471160,-0.000066,-0.000311,-0.000040
1775598571.436528,-0.015740,0.011420,-0.491160,-0.000106,-0.000271,0.000150
1775598571.487031,-0.015740,0.011420,-0.491160,-0.000106,-0.000271,0.000150
1775598571.537759,-0.015740,0.011420,-0.491160,-0.000106,-0.000271,0.000150
1775598571.588804,0.000260,0.031420,-0.470160,-0.000056,-0.000271,-0.000130
1775598571.639172,-0.019740,0.025420,-0.502160,-0.000096,-0.000301,0.000140
1775598571.689877,-0.019740,0.025420,-0.502160,-0.000096,-0.000301,0.000140
1775598571.740987,-0.016740,0.025420,-0.489160,-0.000046,-0.000321,0.000170
1775598571.792229,-0.019740,0.026420,-0.475160,-0.000046,-0.000301,0.000140
1775598571.843099,-0.019740,0.026420,-0.475160,-0.000046,-0.000301,0.000140
1775598571.894159,-0.016740,0.034420,-0.463160,-0.000026,-0.000261,0.000190
1775598571.946260,-0.014740,0.017420,-0.467160,-0.000056,-0.000351,-0.000020
1775598571.997527,-0.014740,0.017420,-0.467160,-0.000056,-0.000351,-0.000020
1775598572.049307,-0.014740,0.017420,-0.467160,-0.000056,-0.000351,-0.000020
1775598572.100649,-0.005740,0.022420,-0.453160,-0.000036,-0.000301,0.000170
1775598572.151192,-0.005740,0.022420,-0.453160,-0.000036,-0.000301,0.000170
1775598572.201732,-0.005740,0.022420,-0.453160,-0.000036,-0.000301,0.000170
1775598572.252111,-0.004740,0.009420,-0.455160,0.000034,-0.000211,0.000100
1775598572.303134,-0.004740,0.009420,-0.455160,0.000034,-0.000211,0.000100
1775598572.353599,-0.004740,0.009420,-0.455160,0.000034,-0.000211,0.000100
1775598572.404741,-0.006740,0.034420,-0.433160,-0.000056,-0.000301,-0.000050
1775598572.455868,-0.006740,0.034420,-0.433160,-0.000056,-0.000301,-0.000050
1775598572.506980,-0.006740,0.034420,-0.433160,-0.000056,-0.000301,-0.000050
1775598572.558489,-0.029740,0.012420,-0.433160,-0.000136,-0.000321,0.000160
1775598572.609458,-0.029740,0.012420,-0.433160,-0.000136,-0.000321,0.000160
1775598572.660002,-0.029740,0.012420,-0.433160,-0.000136,-0.000321,0.000160
1775598572.711055,-0.003740,0.019420,-0.444160,-0.000066,-0.000251,-0.000190
1775598572.761840,-0.003740,0.019420,-0.444160,-0.000066,-0.000251,-0.000190
1775598572.812398,-0.003740,0.019420,-0.444160,-0.000066,-0.000251,-0.000190
1775598572.862961,-0.019740,0.017420,-0.438160,-0.000096,-0.000381,0.000010
1775598572.914049,-0.019740,0.017420,-0.438160,-0.000096,-0.000381,0.000010
1775598572.964591,-0.019740,0.017420,-0.438160,-0.000096,-0.000381,0.000010
1775598573.015854,0.004260,0.008420,-0.413160,-0.000016,-0.000221,-0.000070
1775598573.069787,0.004260,0.008420,-0.413160,-0.000016,-0.000221,-0.000070
1775598573.121915,0.004260,0.008420,-0.413160,-0.000016,-0.000221,-0.000070
1775598573.173620,-0.025740,0.007420,-0.409160,0.000014,-0.000371,0.000290
1775598573.224631,-0.016740,0.005420,-0.431160,0.000004,-0.000251,0.000220
1775598573.275224,-0.016740,0.005420,-0.431160,0.000004,-0.000251,0.000220
1775598573.325699,-0.017740,0.007420,-0.406160,-0.000036,-0.000301,0.000080
1775598573.376826,-0.021740,0.032420,-0.403160,-0.000106,-0.000281,0.000170
1775598573.428045,-0.021740,0.032420,-0.403160,-0.000106,-0.000281,0.000170
1775598573.479162,-0.021740,0.032420,-0.403160,-0.000106,-0.000281,0.000170
1775598573.529902,-0.020740,0.019420,-0.395160,-0.000036,-0.000321,-0.000140
1775598573.580762,-0.020740,0.019420,-0.395160,-0.000036,-0.000321,-0.000140
1775598573.631501,-0.020740,0.019420,-0.395160,-0.000036,-0.000321,-0.000140
1775598573.682298,-0.016740,0.022420,-0.388160,-0.000016,-0.000341,0.000250
1775598573.733350,-0.016740,0.022420,-0.388160,-0.000016,-0.000341,0.000250
1775598573.784415,-0.016740,0.022420,-0.388160,-0.000016,-0.000341,0.000250
1775598573.835554,-0.024740,0.019420,-0.401160,0.000024,-0.000371,-0.000190
1775598573.886052,-0.024740,0.019420,-0.401160,0.000024,-0.000371,-0.000190
1775598573.937053,-0.024740,0.019420,-0.401160,0.000024,-0.000371,-0.000190
1775598573.987695,-0.014740,0.017420,-0.376160,0.000014,-0.000221,0.000060
1775598574.038337,-0.014740,0.017420,-0.376160,0.000014,-0.000221,0.000060
1775598574.089459,-0.014740,0.017420,-0.376160,0.000014,-0.000221,0.000060
1775598574.140862,-0.003740,0.009420,-0.368160,0.000124,-0.000311,0.000320
1775598574.192158,-0.003740,0.009420,-0.368160,0.000124,-0.000311,0.000320
1775598574.243150,-0.003740,0.009420,-0.368160,0.000124,-0.000311,0.000320
1775598574.293912,-0.014740,0.013420,-0.355160,-0.000076,-0.000271,0.000290
1775598574.344292,-0.014740,0.013420,-0.355160,-0.000076,-0.000271,0.000290
1775598574.395548,-0.014740,0.013420,-0.355160,-0.000076,-0.000271,0.000290
1775598574.446098,-0.016740,0.006420,-0.367160,-0.000066,-0.000281,0.000550
1775598574.496776,-0.029740,0.032420,-0.372160,0.000014,-0.000311,-0.000020
1775598574.547336,-0.029740,0.032420,-0.372160,0.000014,-0.000311,-0.000020
1775598574.597845,-0.023740,0.027420,-0.356160,-0.000046,-0.000391,0.000190
1775598574.649000,-0.013740,0.018420,-0.378160,0.000034,-0.000281,0.000180
1775598574.699514,-0.013740,0.018420,-0.378160,0.000034,-0.000281,0.000180
1775598574.750954,-0.013740,0.018420,-0.378160,0.000034,-0.000281,0.000180
1775598574.802023,-0.021740,0.017420,-0.363160,-0.000056,-0.000301,0.000000
1775598574.853311,-0.021740,0.017420,-0.363160,-0.000056,-0.000301,0.000000
1775598574.903825,-0.021740,0.017420,-0.363160,-0.000056,-0.000301,0.000000
1775598574.954494,-0.016740,0.002420,-0.350160,-0.000046,-0.000351,0.000140
1775598575.005124,-0.016740,0.002420,-0.350160,-0.000046,-0.000351,0.000140
1775598575.056670,-0.016740,0.002420,-0.350160,-0.000046,-0.000351,0.000140
1775598575.107740,-0.017740,0.007420,-0.349160,0.000034,-0.000291,-0.000090
1775598575.158437,-0.017740,0.007420,-0.349160,0.000034,-0.000291,-0.000090
1775598575.208887,-0.017740,0.007420,-0.349160,0.000034,-0.000291,-0.000090
1775598575.259413,-0.017740,0.019420,-0.344160,0.000064,-0.000341,0.000130
1775598575.310480,-0.017740,0.019420,-0.344160,0.000064,-0.000341,0.000130
1775598575.361514,-0.017740,0.019420,-0.344160,0.000064,-0.000341,0.000130
1775598575.412793,-0.024740,0.005420,-0.331160,0.000024,-0.000291,-0.000080
1775598575.463757,-0.024740,0.005420,-0.331160,0.000024,-0.000291,-0.000080
1775598575.514630,-0.024740,0.005420,-0.331160,0.000024,-0.000291,-0.000080
1775598575.565242,-0.007740,-0.000580,-0.361160,-0.000016,-0.000251,0.000170
1775598575.616401,-0.007740,-0.000580,-0.361160,-0.000016,-0.000251,0.000170
1775598575.667694,-0.007740,-0.000580,-0.361160,-0.000016,-0.000251,0.000170
1775598575.718510,-0.018740,-0.003580,-0.330160,0.000034,-0.000241,-0.000230
1775598575.769227,-0.018740,-0.003580,-0.330160,0.000034,-0.000241,-0.000230
1775598575.819940,-0.018740,-0.003580,-0.330160,0.000034,-0.000241,-0.000230
1775598575.870789,-0.015740,0.007420,-0.327160,0.000004,-0.000261,0.000140
1775598575.921119,-0.005740,0.011420,-0.302160,0.000014,-0.000221,0.000110
1775598575.971848,-0.005740,0.011420,-0.302160,0.000014,-0.000221,0.000110
1775598576.023337,-0.016740,0.017420,-0.323160,-0.000006,-0.000211,-0.000130
1775598576.074321,-0.028740,0.014420,-0.308160,-0.000006,-0.000281,0.000200
1775598576.124996,-0.028740,0.014420,-0.308160,-0.000006,-0.000281,0.000200
1775598576.175433,-0.028740,0.014420,-0.308160,-0.000006,-0.000281,0.000200
1775598576.226383,-0.013740,0.011420,-0.315160,0.000014,-0.000311,0.000410
1775598576.276902,-0.013740,0.011420,-0.315160,0.000014,-0.000311,0.000410
1775598576.327619,-0.013740,0.011420,-0.315160,0.000014,-0.000311,0.000410
1775598576.378036,-0.015740,0.011420,-0.321160,0.000054,-0.000271,0.000080
1775598576.429389,-0.015740,0.011420,-0.321160,0.000054,-0.000271,0.000080
1775598576.480335,-0.015740,0.011420,-0.321160,0.000054,-0.000271,0.000080
1775598576.531653,-0.003740,0.002420,-0.301160,0.000044,-0.000281,-0.000240
1775598576.582338,-0.003740,0.002420,-0.301160,0.000044,-0.000281,-0.000240
1775598576.632838,-0.003740,0.002420,-0.301160,0.000044,-0.000281,-0.000240
1775598576.683356,-0.024740,0.009420,-0.285160,0.000024,-0.000281,0.000070
1775598576.733886,-0.024740,0.009420,-0.285160,0.000024,-0.000281,0.000070
1775598576.784465,-0.024740,0.009420,-0.285160,0.000024,-0.000281,0.000070
1775598576.834879,-0.008740,0.002420,-0.289160,0.000084,-0.000331,0.000110
1775598576.885776,-0.008740,0.002420,-0.289160,0.000084,-0.000331,0.000110
1775598576.936339,-0.008740,0.002420,-0.289160,0.000084,-0.000331,0.000110
1775598576.988037,-0.017740,-0.003580,-0.293160,0.000134,-0.000251,-0.000150
1775598577.039038,-0.017740,-0.003580,-0.293160,0.000134,-0.000251,-0.000150
1775598577.089695,-0.017740,-0.003580,-0.293160,0.000134,-0.000251,-0.000150
1775598577.141006,-0.009740,0.003420,-0.281160,0.000004,-0.000261,-0.000040
