group,trial,peak_force_n,light_success,heavy_success
Plain DP,tts_rollout_20260608_162457,18.287593841552734,False,True
Plain DP,tts_rollout_20260608_162611,19.532878875732422,False,True
Plain DP,tts_rollout_20260608_162715,18.807723999023438,False,True
Plain DP,tts_rollout_20260608_162814,19.971473693847656,False,True
Plain DP,tts_rollout_20260608_162911,19.635835647583008,False,True
Plain DP,tts_rollout_20260608_163010,5.202681064605713,False,False
Plain DP,tts_rollout_20260608_163101,8.128746032714844,False,False
Plain DP,tts_rollout_20260608_163154,5.53640079498291,False,False
Plain DP,tts_rollout_20260608_163408,21.54288673400879,False,True
Plain DP,tts_rollout_20260608_163508,9.076739311218262,False,False
Plain DP,tts_rollout_20260608_170057,3.865499973297119,True,False
Plain DP,tts_rollout_20260608_170144,15.218303680419922,False,True
Plain DP,tts_rollout_20260608_170238,8.852800369262695,False,False
Plain DP,tts_rollout_20260608_170454,18.020719528198242,False,True
Plain DP,tts_rollout_20260608_170659,16.279674530029297,False,True
Plain DP,tts_rollout_20260608_192002,18.57425880432129,False,True
Plain DP,tts_rollout_20260608_192102,18.29618263244629,False,True
Plain DP,tts_rollout_20260608_192257,6.611757755279541,False,False
Plain DP,tts_rollout_20260608_192503,15.067933082580566,False,True
Plain DP,tts_rollout_20260608_202921,14.418900489807129,False,True
Plain DP,tts_rollout_20260608_203027,19.067413330078125,False,True
Plain DP,tts_rollout_20260608_203119,13.770004272460938,False,True
Plain DP,tts_rollout_20260609_195835,16.450151443481445,False,True
Plain DP,tts_rollout_20260609_200028,3.645657539367676,True,False
Plain DP,tts_rollout_20260609_200214,17.60239028930664,False,True
Plain DP,tts_rollout_20260609_200300,6.1549506187438965,False,False
Plain DP,tts_rollout_20260609_200419,19.141193389892578,False,True
Plain DP,tts_rollout_20260609_200514,14.326650619506836,False,True
Plain DP,tts_rollout_20260609_200707,9.391350746154785,False,False
Plain DP,tts_rollout_20260609_200845,5.4087605476379395,False,False
TTS 0.2 N,tts_rollout_20260608_154803,1.6194716691970825,True,False
TTS 0.2 N,tts_rollout_20260608_155015,16.901493072509766,False,True
TTS 0.2 N,tts_rollout_20260608_155118,2.189065456390381,True,False
TTS 0.2 N,tts_rollout_20260608_155215,2.4445738792419434,True,False
TTS 0.2 N,tts_rollout_20260608_155321,5.076140880584717,False,False
TTS 0.2 N,tts_rollout_20260608_155427,8.950881004333496,False,False
TTS 0.2 N,tts_rollout_20260608_155531,19.546772003173828,False,True
TTS 0.2 N,tts_rollout_20260608_155759,4.0507731437683105,False,False
TTS 0.2 N,tts_rollout_20260608_155857,13.376374244689941,False,True
TTS 0.2 N,tts_rollout_20260608_160343,3.852426528930664,True,False
TTS 0.2 N,tts_rollout_20260608_160450,4.351194858551025,False,False
TTS 0.2 N,tts_rollout_20260608_160540,1.983384609222412,True,False
TTS 0.2 N,tts_rollout_20260608_160644,1.559913992881775,True,False
TTS 0.2 N,tts_rollout_20260608_160734,4.2473859786987305,False,False
TTS 0.2 N,tts_rollout_20260608_160827,4.082983493804932,False,False
TTS 0.2 N,tts_rollout_20260608_161005,1.910035490989685,True,False
TTS 0.2 N,tts_rollout_20260608_161108,3.1832828521728516,True,False
TTS 0.2 N,tts_rollout_20260608_163710,2.9792094230651855,True,False
TTS 0.2 N,tts_rollout_20260608_163756,2.291196346282959,True,False
TTS 0.2 N,tts_rollout_20260608_163842,1.9067730903625488,True,False
TTS 0.2 N,tts_rollout_20260608_163932,3.2993507385253906,True,False
TTS 0.2 N,tts_rollout_20260608_164013,3.5617146492004395,True,False
TTS 0.2 N,tts_rollout_20260608_164152,5.1279168128967285,False,False
TTS 0.2 N,tts_rollout_20260608_164242,3.9533939361572266,True,False
TTS 0.2 N,tts_rollout_20260608_164345,2.598388671875,True,False
TTS 0.2 N,tts_rollout_20260608_164456,2.3254384994506836,True,False
TTS 0.2 N,tts_rollout_20260608_164550,1.155240774154663,True,False
TTS 0.2 N,tts_rollout_20260608_164746,2.1160287857055664,True,False
TTS 0.2 N,tts_rollout_20260609_194656,9.395045280456543,False,False
TTS 0.2 N,tts_rollout_20260609_194902,1.9611719846725464,True,False
TTS 0.2 N,tts_rollout_20260609_195150,3.699185371398926,True,False
TTS 0.2 N,tts_rollout_20260609_195302,1.9674420356750488,True,False
TTS 15 N,tts_rollout_20260608_161318,17.430469512939453,False,True
TTS 15 N,tts_rollout_20260608_161427,18.57707977294922,False,True
TTS 15 N,tts_rollout_20260608_161517,14.883563995361328,False,True
TTS 15 N,tts_rollout_20260608_161633,16.01178550720215,False,True
TTS 15 N,tts_rollout_20260608_161727,18.213075637817383,False,True
TTS 15 N,tts_rollout_20260608_161811,19.006412506103516,False,True
TTS 15 N,tts_rollout_20260608_162001,17.909128189086914,False,True
TTS 15 N,tts_rollout_20260609_195037,19.106582641601562,False,True
TTS 15 N,tts_rollout_20260609_195531,16.098953247070312,False,True
TTS 15 N,tts_rollout_20260609_195636,15.54738712310791,False,True
TTS 15 N,tts_rollout_20260609_195733,18.13799476623535,False,True
TTS 15 N,tts_rollout_20260609_201001,15.553874015808105,False,True
TTS 15 N,tts_rollout_20260609_201057,9.411656379699707,False,False
TTS 15 N,tts_rollout_20260609_201208,15.485209465026855,False,True
TTS 15 N,tts_rollout_20260609_201253,10.174782752990723,False,True
TTS 15 N,tts_rollout_20260609_201352,15.844958305358887,False,True
TTS 15 N,tts_rollout_20260609_201450,19.739423751831055,False,True
TTS 15 N,tts_rollout_20260609_201608,18.164987564086914,False,True
TTS 15 N,tts_rollout_20260609_201705,18.994327545166016,False,True
TTS 15 N,tts_rollout_20260609_201803,15.60252857208252,False,True
TTS 15 N,tts_rollout_20260609_201906,15.979863166809082,False,True
TTS 15 N,tts_rollout_20260609_202003,20.117862701416016,False,True
TTS 15 N,tts_rollout_20260609_202053,18.2528076171875,False,True
TTS 15 N,tts_rollout_20260609_202137,16.138492584228516,False,True
TTS 15 N,tts_rollout_20260609_202216,15.955029487609863,False,True
TTS 15 N,tts_rollout_20260609_202302,16.32685089111328,False,True
TTS 15 N,tts_rollout_20260609_202340,17.349891662597656,False,True
TTS 15 N,tts_rollout_20260609_202447,16.37777328491211,False,True
TTS 15 N,tts_rollout_20260609_202532,17.473846435546875,False,True
